<?xml version="1.0" encoding="UTF-8"?>
<project-private xmlns="http://www.netbeans.org/ns/project-private/1">
    <editor-bookmarks xmlns="http://www.netbeans.org/ns/editor-bookmarks/2" lastBookmarkId="0"/>
    <open-files xmlns="http://www.netbeans.org/ns/projectui-open-files/2">
        <group>
            <file>file:/C:/Users/Halil/Documents/NetBeansProjects/SAFEMARTIN/src/safemartin/Mole.java</file>
            <file>file:/C:/Users/Halil/Documents/NetBeansProjects/SAFEMARTIN/src/safemartin/Indicator.java</file>
            <file>file:/C:/Users/Halil/Documents/NetBeansProjects/SAFEMARTIN/src/safemartin/Controller.java</file>
            <file>file:/C:/Users/Halil/Documents/NetBeansProjects/SAFEMARTIN/src/safemartin/SAFEMARTIN.java</file>
            <file>file:/C:/Users/Halil/Documents/NetBeansProjects/SAFEMARTIN/src/safemartin/Gate.java</file>
            <file>file:/C:/Users/Halil/Documents/NetBeansProjects/SAFEMARTIN/src/safemartin/Car.java</file>
        </group>
    </open-files>
</project-private>
